dimension,method,execution_time_s,memory_usage_MB
1d,explicit FDM,0.00339278300020851,0.00011444091796875
1d,implicit FDM,0.017051098999900205,0.00011444091796875
1d,crank_nicolson FDM,0.009477826999955141,0.00011444091796875
2d,explicit FDM,0.004979748000096151,0.00171661376953125
2d,implicit FDM,0.04019212399998651,0.00171661376953125
2d,crank_nicolson FDM,0.04211695300000429,0.00171661376953125
3d,explicit FDM,0.011189586999989842,0.02574920654296875
3d,implicit FDM,2.6377121259999967,0.02574920654296875
3d,crank_nicolson FDM,2.6193908160000774,0.02574920654296875
