time,x,temperature
1.0,0.0,-0.012412548
1.0,0.07142857142857142,0.14340484
1.0,0.14285714285714285,0.29031104
1.0,0.21428571428571427,0.42872483
1.0,0.2857142857142857,0.56714386
1.0,0.3571428571428571,0.7137005
1.0,0.42857142857142855,0.865877
1.0,0.5,0.95785266
1.0,0.5714285714285714,0.8673902
1.0,0.6428571428571428,0.7129491
1.0,0.7142857142857142,0.56833154
1.0,0.7857142857142857,0.42941582
1.0,0.8571428571428571,0.28792715
1.0,0.9285714285714285,0.14190483
1.0,1.0,-0.0070860386
2.0,0.0,-0.015233636
2.0,0.07142857142857142,0.14197254
2.0,0.14285714285714285,0.2902075
2.0,0.21428571428571427,0.42948014
2.0,0.2857142857142857,0.5680172
2.0,0.3571428571428571,0.71375686
2.0,0.42857142857142855,0.86364824
2.0,0.5,0.95444995
2.0,0.5714285714285714,0.865969
2.0,0.6428571428571428,0.71271616
2.0,0.7142857142857142,0.56861943
2.0,0.7857142857142857,0.42971087
2.0,0.8571428571428571,0.28765172
2.0,0.9285714285714285,0.14049321
2.0,1.0,-0.010038942
3.0,0.0,-0.018021405
3.0,0.07142857142857142,0.14050704
3.0,0.14285714285714285,0.29004502
3.0,0.21428571428571427,0.43017596
3.0,0.2857142857142857,0.56885177
3.0,0.3571428571428571,0.7138174
3.0,0.42857142857142855,0.8614573
3.0,0.5,0.9509483
3.0,0.5714285714285714,0.8645019
3.0,0.6428571428571428,0.71254545
3.0,0.7142857142857142,0.569001
3.0,0.7857142857142857,0.43007654
3.0,0.8571428571428571,0.2873978
3.0,0.9285714285714285,0.13906038
3.0,1.0,-0.013013661
4.0,0.0,-0.020758122
4.0,0.07142857142857142,0.13901824
4.0,0.14285714285714285,0.28982908
4.0,0.21428571428571427,0.43081528
4.0,0.2857142857142857,0.5696481
4.0,0.3571428571428571,0.7138818
4.0,0.42857142857142855,0.8593088
4.0,0.5,0.9473565
4.0,0.5714285714285714,0.8629872
4.0,0.6428571428571428,0.7124352
4.0,0.7142857142857142,0.5694726
4.0,0.7857142857142857,0.4305066
4.0,0.8571428571428571,0.28716022
4.0,0.9285714285714285,0.13760924
4.0,1.0,-0.015988976
5.0,0.0,-0.023424864
5.0,0.07142857142857142,0.13751721
5.0,0.14285714285714285,0.2895651
5.0,0.21428571428571427,0.43140024
5.0,0.2857142857142857,0.570407
5.0,0.3571428571428571,0.71394986
5.0,0.42857142857142855,0.8572076
5.0,0.5,0.9436839
5.0,0.5714285714285714,0.8614226
5.0,0.6428571428571428,0.71238345
5.0,0.7142857142857142,0.57002944
5.0,0.7857142857142857,0.43099385
5.0,0.8571428571428571,0.2869339
5.0,0.9285714285714285,0.13614559
5.0,1.0,-0.018940032
6.0,0.0,-0.026002347
6.0,0.07142857142857142,0.13601553
6.0,0.14285714285714285,0.2892593
6.0,0.21428571428571427,0.43193388
6.0,0.2857142857142857,0.5711284
6.0,0.3571428571428571,0.71402055
6.0,0.42857142857142855,0.85515875
6.0,0.5,0.93994325
6.0,0.5714285714285714,0.8598071
6.0,0.6428571428571428,0.7123855
6.0,0.7142857142857142,0.5706642
6.0,0.7857142857142857,0.43152916
6.0,0.8571428571428571,0.28671354
6.0,0.9285714285714285,0.1346764
6.0,1.0,-0.02183953
7.0,0.0,-0.028470337
7.0,0.07142857142857142,0.13452584
7.0,0.14285714285714285,0.28891778
7.0,0.21428571428571427,0.4324184
7.0,0.2857142857142857,0.57181317
7.0,0.3571428571428571,0.7140923
7.0,0.42857142857142855,0.8531652
7.0,0.5,0.93614835
7.0,0.5714285714285714,0.8581396
7.0,0.6428571428571428,0.71243626
7.0,0.7142857142857142,0.5713684
7.0,0.7857142857142857,0.43210202
7.0,0.8571428571428571,0.28649372
7.0,0.9285714285714285,0.13321054
7.0,1.0,-0.024656534
8.0,0.0,-0.030807972
8.0,0.07142857142857142,0.1330604
8.0,0.14285714285714285,0.28854746
8.0,0.21428571428571427,0.4328568
8.0,0.2857142857142857,0.5724607
8.0,0.3571428571428571,0.7141636
8.0,0.42857142857142855,0.8512307
8.0,0.5,0.9323161
8.0,0.5714285714285714,0.8564194
8.0,0.6428571428571428,0.7125284
8.0,0.7142857142857142,0.5721306
8.0,0.7857142857142857,0.4327007
8.0,0.8571428571428571,0.2862695
8.0,0.9285714285714285,0.13175917
8.0,1.0,-0.027358055
9.0,0.0,-0.03299433
9.0,0.07142857142857142,0.13163227
9.0,0.14285714285714285,0.28815478
9.0,0.21428571428571427,0.43325108
9.0,0.2857142857142857,0.5730713
9.0,0.3571428571428571,0.714232
9.0,0.42857142857142855,0.8493572
9.0,0.5,0.9284647
9.0,0.5714285714285714,0.85464746
9.0,0.6428571428571428,0.71265346
9.0,0.7142857142857142,0.57293814
9.0,0.7857142857142857,0.43331236
9.0,0.8571428571428571,0.28603595
9.0,0.9285714285714285,0.13033533
9.0,1.0,-0.029909164
10.0,0.0,-0.035008073
10.0,0.07142857142857142,0.13025498
10.0,0.14285714285714285,0.2877469
10.0,0.21428571428571427,0.43360448
10.0,0.2857142857142857,0.573644
10.0,0.3571428571428571,0.7142945
10.0,0.42857142857142855,0.8475458
10.0,0.5,0.924614
10.0,0.5714285714285714,0.852825
10.0,0.6428571428571428,0.7128015
10.0,0.7142857142857142,0.5737758
10.0,0.7857142857142857,0.43392265
10.0,0.8571428571428571,0.2857892
10.0,0.9285714285714285,0.12895346
10.0,1.0,-0.032274246
11.0,0.0,-0.036829233
11.0,0.07142857142857142,0.12894148
11.0,0.14285714285714285,0.2873304
11.0,0.21428571428571427,0.43391883
11.0,0.2857142857142857,0.57417756
11.0,0.3571428571428571,0.7143478
11.0,0.42857142857142855,0.84579617
11.0,0.5,0.9207849
11.0,0.5714285714285714,0.85095507
11.0,0.6428571428571428,0.7129615
11.0,0.7142857142857142,0.574627
11.0,0.7857142857142857,0.43451673
11.0,0.8571428571428571,0.28552622
11.0,0.9285714285714285,0.12762994
11.0,1.0,-0.034418553
12.0,0.0,-0.03843692
12.0,0.07142857142857142,0.12770504
12.0,0.14285714285714285,0.2869118
12.0,0.21428571428571427,0.43419623
12.0,0.2857142857142857,0.57467216
12.0,0.3571428571428571,0.71438795
12.0,0.42857142857142855,0.84410733
12.0,0.5,0.9169993
12.0,0.5714285714285714,0.84904236
12.0,0.6428571428571428,0.71312076
12.0,0.7142857142857142,0.5754737
12.0,0.7857142857142857,0.4350797
12.0,0.8571428571428571,0.28524476
12.0,0.9285714285714285,0.12638241
12.0,1.0,-0.036307752
13.0,0.0,-0.039812684
13.0,0.07142857142857142,0.12655836
13.0,0.14285714285714285,0.28649807
13.0,0.21428571428571427,0.4344386
13.0,0.2857142857142857,0.5751249
13.0,0.3571428571428571,0.71441
13.0,0.42857142857142855,0.84247595
13.0,0.5,0.91327816
13.0,0.5714285714285714,0.8470929
13.0,0.6428571428571428,0.7132669
13.0,0.7142857142857142,0.5762966
13.0,0.7857142857142857,0.43559635
13.0,0.8571428571428571,0.28494346
13.0,0.9285714285714285,0.12522882
13.0,1.0,-0.03791076
14.0,0.0,-0.040939152
14.0,0.07142857142857142,0.12551302
14.0,0.14285714285714285,0.28609455
14.0,0.21428571428571427,0.43464738
14.0,0.2857142857142857,0.5755349
14.0,0.3571428571428571,0.71440965
14.0,0.42857142857142855,0.84089833
14.0,0.5,0.9096431
14.0,0.5714285714285714,0.84511477
14.0,0.6428571428571428,0.7133866
14.0,0.7142857142857142,0.57707626
14.0,0.7857142857142857,0.43605214
14.0,0.8571428571428571,0.28462386
14.0,0.9285714285714285,0.12418741
14.0,1.0,-0.039200127
15.0,0.0,-0.0418005
15.0,0.07142857142857142,0.124580204
15.0,0.14285714285714285,0.28570724
15.0,0.21428571428571427,0.4348238
15.0,0.2857142857142857,0.5758994
15.0,0.3571428571428571,0.7143814
15.0,0.42857142857142855,0.8393689
15.0,0.5,0.90611273
15.0,0.5714285714285714,0.8431187
15.0,0.6428571428571428,0.71346766
15.0,0.7142857142857142,0.5777934
15.0,0.7857142857142857,0.4364344
15.0,0.8571428571428571,0.28428757
15.0,0.9285714285714285,0.12327641
15.0,1.0,-0.0401538
16.0,0.0,-0.04238391
16.0,0.07142857142857142,0.12376976
16.0,0.14285714285714285,0.2853405
16.0,0.21428571428571427,0.43496877
16.0,0.2857142857142857,0.5762164
16.0,0.3571428571428571,0.71432
16.0,0.42857142857142855,0.83788115
16.0,0.5,0.9027036
16.0,0.5714285714285714,0.84111625
16.0,0.6428571428571428,0.71349794
16.0,0.7142857142857142,0.57842976
16.0,0.7857142857142857,0.43673104
16.0,0.8571428571428571,0.283938
16.0,0.9285714285714285,0.12251186
16.0,1.0,-0.04075554
17.0,0.0,-0.042678893
17.0,0.07142857142857142,0.12308997
17.0,0.14285714285714285,0.28499913
17.0,0.21428571428571427,0.4350825
17.0,0.2857142857142857,0.5764834
17.0,0.3571428571428571,0.7142196
17.0,0.42857142857142855,0.8364274
17.0,0.5,0.89943
17.0,0.5714285714285714,0.83912116
17.0,0.6428571428571428,0.71346766
17.0,0.7142857142857142,0.5789686
17.0,0.7857142857142857,0.43693358
17.0,0.8571428571428571,0.28358072
17.0,0.9285714285714285,0.12190801
17.0,1.0,-0.040996224
18.0,0.0,-0.042678714
18.0,0.07142857142857142,0.12254721
18.0,0.14285714285714285,0.28468573
18.0,0.21428571428571427,0.4351651
18.0,0.2857142857142857,0.5766981
18.0,0.3571428571428571,0.71407527
18.0,0.42857142857142855,0.8349994
18.0,0.5,0.89630157
18.0,0.5714285714285714,0.8371485
18.0,0.6428571428571428,0.7133694
18.0,0.7142857142857142,0.5793962
18.0,0.7857142857142857,0.4370355
18.0,0.8571428571428571,0.28322184
18.0,0.9285714285714285,0.12147653
18.0,1.0,-0.04087487
19.0,0.0,-0.042380452
19.0,0.07142857142857142,0.12214601
19.0,0.14285714285714285,0.2844028
19.0,0.21428571428571427,0.4352166
19.0,0.2857142857142857,0.57685786
19.0,0.3571428571428571,0.7138819
19.0,0.42857142857142855,0.8335884
19.0,0.5,0.8933247
19.0,0.5714285714285714,0.8352135
19.0,0.6428571428571428,0.7131973
19.0,0.7142857142857142,0.57970184
19.0,0.7857142857142857,0.43703455
19.0,0.8571428571428571,0.28286868
19.0,0.9285714285714285,0.12122518
19.0,1.0,-0.04039827
20.0,0.0,-0.041784465
20.0,0.07142857142857142,0.121888995
20.0,0.14285714285714285,0.28415233
20.0,0.21428571428571427,0.43523657
20.0,0.2857142857142857,0.5769606
20.0,0.3571428571428571,0.71363527
20.0,0.42857142857142855,0.8321853
20.0,0.5,0.89050084
20.0,0.5714285714285714,0.8333319
20.0,0.6428571428571428,0.71294934
20.0,0.7142857142857142,0.57987887
20.0,0.7857142857142857,0.4369313
20.0,0.8571428571428571,0.28252918
20.0,0.9285714285714285,0.121157765
20.0,1.0,-0.03958139
21.0,0.0,-0.040896654
21.0,0.07142857142857142,0.12177575
21.0,0.14285714285714285,0.28393406
21.0,0.21428571428571427,0.4352243
21.0,0.2857142857142857,0.5770052
21.0,0.3571428571428571,0.7133315
21.0,0.42857142857142855,0.83078176
21.0,0.5,0.887827
21.0,0.5714285714285714,0.83151823
21.0,0.6428571428571428,0.7126275
21.0,0.7142857142857142,0.57992584
21.0,0.7857142857142857,0.43673033
21.0,0.8571428571428571,0.28221142
21.0,0.9285714285714285,0.12127334
21.0,1.0,-0.03844732
22.0,0.0,-0.039726496
22.0,0.07142857142857142,0.12180364
22.0,0.14285714285714285,0.2837476
22.0,0.21428571428571427,0.4351793
22.0,0.2857142857142857,0.5769897
22.0,0.3571428571428571,0.7129685
22.0,0.42857142857142855,0.82936996
22.0,0.5,0.8852964
22.0,0.5714285714285714,0.82978565
22.0,0.6428571428571428,0.7122356
22.0,0.7142857142857142,0.57984453
22.0,0.7857142857142857,0.4364397
22.0,0.8571428571428571,0.28192335
22.0,0.9285714285714285,0.12156588
22.0,1.0,-0.037026316
23.0,0.0,-0.03828931
23.0,0.07142857142857142,0.12196767
23.0,0.14285714285714285,0.2835918
23.0,0.21428571428571427,0.4351017
23.0,0.2857142857142857,0.5769152
23.0,0.3571428571428571,0.71254474
23.0,0.42857142857142855,0.82794267
23.0,0.5,0.8828984
23.0,0.5714285714285714,0.8281444
23.0,0.6428571428571428,0.7117813
23.0,0.7142857142857142,0.5796427
23.0,0.7857142857142857,0.43607008
23.0,0.8571428571428571,0.28167206
23.0,0.9285714285714285,0.12202543
23.0,1.0,-0.035354763
24.0,0.0,-0.036603928
24.0,0.07142857142857142,0.12226039
24.0,0.14285714285714285,0.28346437
24.0,0.21428571428571427,0.43499106
24.0,0.2857142857142857,0.57678133
24.0,0.3571428571428571,0.71206075
24.0,0.42857142857142855,0.826495
24.0,0.5,0.8806189
24.0,0.5714285714285714,0.8266017
24.0,0.6428571428571428,0.71127397
24.0,0.7142857142857142,0.5793312
24.0,0.7857142857142857,0.4356354
24.0,0.8571428571428571,0.28146333
24.0,0.9285714285714285,0.122636616
24.0,1.0,-0.033474207
25.0,0.0,-0.03469485
25.0,0.07142857142857142,0.122671425
25.0,0.14285714285714285,0.28336197
25.0,0.21428571428571427,0.4348483
25.0,0.2857142857142857,0.5765905
25.0,0.3571428571428571,0.71151835
25.0,0.42857142857142855,0.82502264
25.0,0.5,0.8784414
25.0,0.5714285714285714,0.8251603
25.0,0.6428571428571428,0.7107251
25.0,0.7142857142857142,0.57892495
25.0,0.7857142857142857,0.4351508
25.0,0.8571428571428571,0.28130144
25.0,0.9285714285714285,0.12338054
25.0,1.0,-0.031430244
26.0,0.0,-0.032590568
26.0,0.07142857142857142,0.12318784
26.0,0.14285714285714285,0.28328174
26.0,0.21428571428571427,0.43467432
26.0,0.2857142857142857,0.57634586
26.0,0.3571428571428571,0.710921
26.0,0.42857142857142855,0.8235243
26.0,0.5,0.8763477
26.0,0.5714285714285714,0.82381994
26.0,0.6428571428571428,0.7101461
26.0,0.7142857142857142,0.57844096
26.0,0.7857142857142857,0.4346326
26.0,0.8571428571428571,0.2811885
26.0,0.9285714285714285,0.12423509
26.0,1.0,-0.029269755
27.0,0.0,-0.030323088
27.0,0.07142857142857142,0.123796046
27.0,0.14285714285714285,0.28321987
27.0,0.21428571428571427,0.43447113
27.0,0.2857142857142857,0.57605225
27.0,0.3571428571428571,0.7102743
27.0,0.42857142857142855,0.8220007
27.0,0.5,0.8743194
27.0,0.5714285714285714,0.82257444
27.0,0.6428571428571428,0.7095488
27.0,0.7142857142857142,0.5778977
27.0,0.7857142857142857,0.43409663
27.0,0.8571428571428571,0.28112483
27.0,0.9285714285714285,0.12517571
27.0,1.0,-0.0270406
28.0,0.0,-0.027928472
28.0,0.07142857142857142,0.124479175
28.0,0.14285714285714285,0.28317255
28.0,0.21428571428571427,0.43424153
28.0,0.2857142857142857,0.57571536
28.0,0.3571428571428571,0.7095843
28.0,0.42857142857142855,0.82045346
28.0,0.5,0.87233764
28.0,0.5714285714285714,0.82141453
28.0,0.6428571428571428,0.7089434
28.0,0.7142857142857142,0.5773137
28.0,0.7857142857142857,0.43355852
28.0,0.8571428571428571,0.28110868
28.0,0.9285714285714285,0.1261766
28.0,1.0,-0.024789035
29.0,0.0,-0.025445282
29.0,0.07142857142857142,0.12522006
29.0,0.14285714285714285,0.28313583
29.0,0.21428571428571427,0.43398958
29.0,0.2857142857142857,0.5753425
29.0,0.3571428571428571,0.70886046
29.0,0.42857142857142855,0.81888777
29.0,0.5,0.87038475
29.0,0.5714285714285714,0.8203264
29.0,0.6428571428571428,0.7083382
29.0,0.7142857142857142,0.57670695
29.0,0.7857142857142857,0.43303162
29.0,0.8571428571428571,0.28113616
29.0,0.9285714285714285,0.12721145
29.0,1.0,-0.022558868
30.0,0.0,-0.022913903
30.0,0.07142857142857142,0.12600029
30.0,0.14285714285714285,0.28310692
30.0,0.21428571428571427,0.4337197
30.0,0.2857142857142857,0.5749422
30.0,0.3571428571428571,0.70811135
30.0,0.42857142857142855,0.81730896
30.0,0.5,0.8684444
30.0,0.5714285714285714,0.81929404
30.0,0.6428571428571428,0.7077392
30.0,0.7142857142857142,0.5760936
30.0,0.7857142857142857,0.4325273
30.0,0.8571428571428571,0.28120238
30.0,0.9285714285714285,0.12825525
30.0,1.0,-0.020389646
31.0,0.0,-0.020375848
31.0,0.07142857142857142,0.1268009
31.0,0.14285714285714285,0.28308195
31.0,0.21428571428571427,0.43343776
31.0,0.2857142857142857,0.57452315
31.0,0.3571428571428571,0.707347
31.0,0.42857142857142855,0.81572443
31.0,0.5,0.8665026
31.0,0.5714285714285714,0.8182991
31.0,0.6428571428571428,0.7071498
31.0,0.7142857142857142,0.5754873
31.0,0.7857142857142857,0.43205464
31.0,0.8571428571428571,0.2813009
31.0,0.9285714285714285,0.1292845
31.0,1.0,-0.01831603
32.0,0.0,-0.017872453
32.0,0.07142857142857142,0.12760377
32.0,0.14285714285714285,0.28305882
32.0,0.21428571428571427,0.43314964
32.0,0.2857142857142857,0.5740952
32.0,0.3571428571428571,0.7065781
32.0,0.42857142857142855,0.81414205
32.0,0.5,0.86454755
32.0,0.5714285714285714,0.81732255
32.0,0.6428571428571428,0.7065707
32.0,0.7142857142857142,0.5748988
32.0,0.7857142857142857,0.43161994
32.0,0.8571428571428571,0.28142434
32.0,0.9285714285714285,0.13027817
32.0,1.0,-0.01636681
33.0,0.0,-0.015444845
33.0,0.07142857142857142,0.12839031
33.0,0.14285714285714285,0.28303593
33.0,0.21428571428571427,0.43286222
33.0,0.2857142857142857,0.57366806
33.0,0.3571428571428571,0.70581466
33.0,0.42857142857142855,0.81257015
33.0,0.5,0.8625701
33.0,0.5714285714285714,0.8163453
33.0,0.6428571428571428,0.70600086
33.0,0.7142857142857142,0.574336
33.0,0.7857142857142857,0.4312272
33.0,0.8571428571428571,0.28156537
33.0,0.9285714285714285,0.13121837
33.0,1.0,-0.014565051
34.0,0.0,-0.013131261
34.0,0.07142857142857142,0.12914425
34.0,0.14285714285714285,0.2830119
34.0,0.21428571428571427,0.43258226
34.0,0.2857142857142857,0.57325083
34.0,0.3571428571428571,0.7050658
34.0,0.42857142857142855,0.8110165
34.0,0.5,0.86056346
34.0,0.5714285714285714,0.81534916
34.0,0.6428571428571428,0.705437
34.0,0.7142857142857142,0.57380396
34.0,0.7857142857142857,0.43087763
34.0,0.8571428571428571,0.2817166
34.0,0.9285714285714285,0.13209051
34.0,1.0,-0.012926906
35.0,0.0,-0.010967523
35.0,0.07142857142857142,0.12985003
35.0,0.14285714285714285,0.28298587
35.0,0.21428571428571427,0.4323159
35.0,0.2857142857142857,0.57285184
35.0,0.3571428571428571,0.70433956
35.0,0.42857142857142855,0.80948764
35.0,0.5,0.85852414
35.0,0.5714285714285714,0.81431895
35.0,0.6428571428571428,0.7048752
35.0,0.7142857142857142,0.57330567
35.0,0.7857142857142857,0.43057078
35.0,0.8571428571428571,0.28187114
35.0,0.9285714285714285,0.13288367
35.0,1.0,-0.011463493
36.0,0.0,-0.008985221
36.0,0.07142857142857142,0.13049513
36.0,0.14285714285714285,0.28295743
36.0,0.21428571428571427,0.432069
36.0,0.2857142857142857,0.57247835
36.0,0.3571428571428571,0.70364267
36.0,0.42857142857142855,0.80799013
36.0,0.5,0.8564504
36.0,0.5714285714285714,0.81324166
36.0,0.6428571428571428,0.70431095
36.0,0.7142857142857142,0.57284135
36.0,0.7857142857142857,0.4303047
36.0,0.8571428571428571,0.28202254
36.0,0.9285714285714285,0.13359028
36.0,1.0,-0.010180235
37.0,0.0,-0.0072110295
37.0,0.07142857142857142,0.13106835
37.0,0.14285714285714285,0.28292722
37.0,0.21428571428571427,0.43184692
37.0,0.2857142857142857,0.5721355
37.0,0.3571428571428571,0.7029789
37.0,0.42857142857142855,0.8065284
37.0,0.5,0.85434324
37.0,0.5714285714285714,0.8121082
37.0,0.6428571428571428,0.70373994
37.0,0.7142857142857142,0.5724103
37.0,0.7857142857142857,0.4300763
37.0,0.8571428571428571,0.2821654
37.0,0.9285714285714285,0.13420576
37.0,1.0,-0.009076983
38.0,0.0,-0.005666524
38.0,0.07142857142857142,0.13156176
38.0,0.14285714285714285,0.28289568
38.0,0.21428571428571427,0.4316525
38.0,0.2857142857142857,0.5718265
38.0,0.3571428571428571,0.7023508
38.0,0.42857142857142855,0.8051049
38.0,0.5,0.85220593
38.0,0.5714285714285714,0.81091255
38.0,0.6428571428571428,0.7031587
38.0,0.7142857142857142,0.5720101
38.0,0.7857142857142857,0.4298814
38.0,0.8571428571428571,0.28229547
38.0,0.9285714285714285,0.13472879
38.0,1.0,-0.008150011
39.0,0.0,-0.004366398
39.0,0.07142857142857142,0.13197029
39.0,0.14285714285714285,0.28286302
39.0,0.21428571428571427,0.43148792
39.0,0.2857142857142857,0.57155234
39.0,0.3571428571428571,0.7017581
39.0,0.42857142857142855,0.80372125
39.0,0.5,0.85004324
39.0,0.5714285714285714,0.8096531
39.0,0.6428571428571428,0.7025643
39.0,0.7142857142857142,0.5716379
39.0,0.7857142857142857,0.42971557
39.0,0.8571428571428571,0.28240907
39.0,0.9285714285714285,0.13516062
39.0,1.0,-0.007392317
40.0,0.0,-0.0033194423
40.0,0.07142857142857142,0.13229138
40.0,0.14285714285714285,0.28282958
40.0,0.21428571428571427,0.43135315
40.0,0.2857142857142857,0.57131165
40.0,0.3571428571428571,0.70119864
40.0,0.42857142857142855,0.8023773
40.0,0.5,0.8478616
40.0,0.5714285714285714,0.80833095
40.0,0.6428571428571428,0.7019554
40.0,0.7142857142857142,0.57129055
40.0,0.7857142857142857,0.4295748
40.0,0.8571428571428571,0.2825039
40.0,0.9285714285714285,0.13550395
40.0,1.0,-0.006793916
41.0,0.0,-0.0025273263
41.0,0.07142857142857142,0.13252562
41.0,0.14285714285714285,0.28279585
41.0,0.21428571428571427,0.43124688
41.0,0.2857142857142857,0.571101
41.0,0.3571428571428571,0.7006678
41.0,0.42857142857142855,0.8010716
41.0,0.5,0.84566826
41.0,0.5714285714285714,0.8069506
41.0,0.6428571428571428,0.7013317
41.0,0.7142857142857142,0.57096475
41.0,0.7857142857142857,0.4294539
41.0,0.8571428571428571,0.2825781
41.0,0.9285714285714285,0.13576329
41.0,1.0,-0.0063431263
42.0,0.0,-0.0019854903
42.0,0.07142857142857142,0.13267589
42.0,0.14285714285714285,0.28276128
42.0,0.21428571428571427,0.43116522
42.0,0.2857142857142857,0.5709154
42.0,0.3571428571428571,0.7001601
42.0,0.42857142857142855,0.79980165
42.0,0.5,0.8434718
42.0,0.5714285714285714,0.8055189
42.0,0.6428571428571428,0.7006932
42.0,0.7142857142857142,0.57065743
42.0,0.7857142857142857,0.42934936
42.0,0.8571428571428571,0.28263104
42.0,0.9285714285714285,0.1359446
42.0,1.0,-0.0060268342
43.0,0.0,-0.0016833842
43.0,0.07142857142857142,0.13274777
43.0,0.14285714285714285,0.28272587
43.0,0.21428571428571427,0.4311039
43.0,0.2857142857142857,0.5707471
43.0,0.3571428571428571,0.6996688
43.0,0.42857142857142855,0.79856473
43.0,0.5,0.841281
43.0,0.5714285714285714,0.8040443
43.0,0.6428571428571428,0.70004183
43.0,0.7142857142857142,0.570365
43.0,0.7857142857142857,0.42925668
43.0,0.8571428571428571,0.28266215
43.0,0.9285714285714285,0.13605446
43.0,1.0,-0.005831361
44.0,0.0,-0.0016036332
44.0,0.07142857142857142,0.1327492
44.0,0.14285714285714285,0.28268874
44.0,0.21428571428571427,0.43105644
44.0,0.2857142857142857,0.5705889
44.0,0.3571428571428571,0.6991859
44.0,0.42857142857142855,0.7973574
44.0,0.5,0.83910483
44.0,0.5714285714285714,0.8025368
44.0,0.6428571428571428,0.69937974
44.0,0.7142857142857142,0.570085
44.0,0.7857142857142857,0.42917258
44.0,0.8571428571428571,0.28267193
44.0,0.9285714285714285,0.1360997
44.0,1.0,-0.005742848
45.0,0.0,-0.0017253757
45.0,0.07142857142857142,0.13268894
45.0,0.14285714285714285,0.28264928
45.0,0.21428571428571427,0.4310168
45.0,0.2857142857142857,0.57043177
45.0,0.3571428571428571,0.6987038
45.0,0.42857142857142855,0.796176
45.0,0.5,0.8369525
45.0,0.5714285714285714,0.8010071
45.0,0.6428571428571428,0.69870883
45.0,0.7142857142857142,0.5698146
45.0,0.7857142857142857,0.42909378
45.0,0.8571428571428571,0.2826609
45.0,0.9285714285714285,0.13608766
45.0,1.0,-0.005747378
46.0,0.0,-0.0020228326
46.0,0.07142857142857142,0.1325779
46.0,0.14285714285714285,0.28260678
46.0,0.21428571428571427,0.43097776
46.0,0.2857142857142857,0.5702668
46.0,0.3571428571428571,0.69821495
46.0,0.42857142857142855,0.7950173
46.0,0.5,0.8348325
46.0,0.5714285714285714,0.79946536
46.0,0.6428571428571428,0.6980322
46.0,0.7142857142857142,0.5695508
46.0,0.7857142857142857,0.42901748
46.0,0.8571428571428571,0.28263044
46.0,0.9285714285714285,0.13602585
46.0,1.0,-0.0058318675
47.0,0.0,-0.002467066
47.0,0.07142857142857142,0.13242799
47.0,0.14285714285714285,0.28256053
47.0,0.21428571428571427,0.4309324
47.0,0.2857142857142857,0.57008606
47.0,0.3571428571428571,0.69771165
47.0,0.42857142857142855,0.79387814
47.0,0.5,0.8327523
47.0,0.5714285714285714,0.79792124
47.0,0.6428571428571428,0.6973514
47.0,0.7142857142857142,0.5692919
47.0,0.7857142857142857,0.4289409
47.0,0.8571428571428571,0.28258145
47.0,0.9285714285714285,0.13592082
47.0,1.0,-0.0059835017
48.0,0.0,-0.0030273795
48.0,0.07142857142857142,0.13225108
48.0,0.14285714285714285,0.28251022
48.0,0.21428571428571427,0.43087465
48.0,0.2857142857142857,0.5698821
48.0,0.3571428571428571,0.6971883
48.0,0.42857142857142855,0.79275614
48.0,0.5,0.8307188
48.0,0.5714285714285714,0.79638463
48.0,0.6428571428571428,0.6966689
48.0,0.7142857142857142,0.569035
48.0,0.7857142857142857,0.42886227
48.0,0.8571428571428571,0.28251582
48.0,0.9285714285714285,0.13577968
48.0,1.0,-0.0061903
49.0,0.0,-0.003671974
49.0,0.07142857142857142,0.13206017
49.0,0.14285714285714285,0.28245652
49.0,0.21428571428571427,0.43079954
49.0,0.2857142857142857,0.5696483
49.0,0.3571428571428571,0.69663936
49.0,0.42857142857142855,0.7916487
49.0,0.5,0.8287379
49.0,0.5714285714285714,0.7948628
49.0,0.6428571428571428,0.69598645
49.0,0.7142857142857142,0.5687781
49.0,0.7857142857142857,0.42877972
49.0,0.8571428571428571,0.28243488
49.0,0.9285714285714285,0.13560885
49.0,1.0,-0.006441295
50.0,0.0,-0.004368782
50.0,0.07142857142857142,0.131868
50.0,0.14285714285714285,0.28240043
50.0,0.21428571428571427,0.43070263
50.0,0.2857142857142857,0.56937987
50.0,0.3571428571428571,0.6960605
50.0,0.42857142857142855,0.79055387
50.0,0.5,0.82681423
50.0,0.5714285714285714,0.7933628
50.0,0.6428571428571428,0.6953047
50.0,0.7142857142857142,0.5685187
50.0,0.7857142857142857,0.42869145
50.0,0.8571428571428571,0.2823406
50.0,0.9285714285714285,0.13541442
50.0,1.0,-0.0067261457
51.0,0.0,-0.005086392
51.0,0.07142857142857142,0.1316871
51.0,0.14285714285714285,0.2823437
51.0,0.21428571428571427,0.43058217
51.0,0.2857142857142857,0.56907314
51.0,0.3571428571428571,0.6954488
51.0,0.42857142857142855,0.7894698
51.0,0.5,0.82495064
51.0,0.5714285714285714,0.7918897
51.0,0.6428571428571428,0.69462436
51.0,0.7142857142857142,0.5682551
51.0,0.7857142857142857,0.42859608
51.0,0.8571428571428571,0.28223437
51.0,0.9285714285714285,0.13520211
51.0,1.0,-0.00703606
52.0,0.0,-0.005794883
52.0,0.07142857142857142,0.13152975
52.0,0.14285714285714285,0.2822891
52.0,0.21428571428571427,0.43043643
52.0,0.2857142857142857,0.56872624
52.0,0.3571428571428571,0.6948028
52.0,0.42857142857142855,0.7883957
52.0,0.5,0.82314974
52.0,0.5714285714285714,0.79044706
52.0,0.6428571428571428,0.6939452
52.0,0.7142857142857142,0.567985
52.0,0.7857142857142857,0.42849272
52.0,0.8571428571428571,0.28211838
52.0,0.9285714285714285,0.1349771
52.0,1.0,-0.0073619485
53.0,0.0,-0.0064662695
53.0,0.07142857142857142,0.13140786
53.0,0.14285714285714285,0.282241
53.0,0.21428571428571427,0.4302662
53.0,0.2857142857142857,0.5683387
53.0,0.3571428571428571,0.69412106
53.0,0.42857142857142855,0.78733
53.0,0.5,0.82141215
53.0,0.5714285714285714,0.78903764
53.0,0.6428571428571428,0.6932667
53.0,0.7142857142857142,0.56770617
53.0,0.7857142857142857,0.42838013
53.0,0.8571428571428571,0.28199404
53.0,0.9285714285714285,0.1347447
53.0,1.0,-0.007696748
54.0,0.0,-0.007075101
54.0,0.07142857142857142,0.13133281
54.0,0.14285714285714285,0.28220367
54.0,0.21428571428571427,0.43007398
54.0,0.2857142857142857,0.5679112
54.0,0.3571428571428571,0.69340426
54.0,0.42857142857142855,0.78627104
54.0,0.5,0.8197374
54.0,0.5714285714285714,0.7876621
54.0,0.6428571428571428,0.69258744
54.0,0.7142857142857142,0.5674165
54.0,0.7857142857142857,0.42825794
54.0,0.8571428571428571,0.2818634
54.0,0.9285714285714285,0.13450879
54.0,1.0,-0.008033335
55.0,0.0,-0.0075980723
55.0,0.07142857142857142,0.13131559
55.0,0.14285714285714285,0.28218257
55.0,0.21428571428571427,0.42986244
55.0,0.2857142857142857,0.5674462
55.0,0.3571428571428571,0.6926524
55.0,0.42857142857142855,0.78521854
55.0,0.5,0.8181241
55.0,0.5714285714285714,0.7863205
55.0,0.6428571428571428,0.6919057
55.0,0.7142857142857142,0.56711394
55.0,0.7857142857142857,0.42812526
55.0,0.8571428571428571,0.2817282
55.0,0.9285714285714285,0.13427418
55.0,1.0,-0.008365691
56.0,0.0,-0.008014977
56.0,0.07142857142857142,0.13136637
56.0,0.14285714285714285,0.2821843
56.0,0.21428571428571427,0.42963654
56.0,0.2857142857142857,0.56694597
56.0,0.3571428571428571,0.6918674
56.0,0.42857142857142855,0.7841707
56.0,0.5,0.8165696
56.0,0.5714285714285714,0.7850116
56.0,0.6428571428571428,0.6912194
56.0,0.7142857142857142,0.56679636
56.0,0.7857142857142857,0.42798144
56.0,0.8571428571428571,0.28158987
56.0,0.9285714285714285,0.13404411
56.0,1.0,-0.008688331
57.0,0.0,-0.008307666
57.0,0.07142857142857142,0.1314947
57.0,0.14285714285714285,0.28221577
57.0,0.21428571428571427,0.4294017
57.0,0.2857142857142857,0.566415
57.0,0.3571428571428571,0.6910506
57.0,0.42857142857142855,0.7831264
57.0,0.5,0.8150709
57.0,0.5714285714285714,0.7837327
57.0,0.6428571428571428,0.6905263
57.0,0.7142857142857142,0.56646174
57.0,0.7857142857142857,0.42782623
57.0,0.8571428571428571,0.28145015
57.0,0.9285714285714285,0.13382244
57.0,1.0,-0.008996308
58.0,0.0,-0.008461237
58.0,0.07142857142857142,0.13171029
58.0,0.14285714285714285,0.28228366
58.0,0.21428571428571427,0.4291641
58.0,0.2857142857142857,0.5658577
58.0,0.3571428571428571,0.6902042
58.0,0.42857142857142855,0.78208417
58.0,0.5,0.81362396
58.0,0.5714285714285714,0.7824815
58.0,0.6428571428571428,0.68982357
58.0,0.7142857142857142,0.5661079
58.0,0.7857142857142857,0.4276592
58.0,0.8571428571428571,0.28131086
58.0,0.9285714285714285,0.1336124
58.0,1.0,-0.009285152
59.0,0.0,-0.008462548
59.0,0.07142857142857142,0.13202137
59.0,0.14285714285714285,0.28239596
59.0,0.21428571428571427,0.42892992
59.0,0.2857142857142857,0.5652788
59.0,0.3571428571428571,0.68933076
59.0,0.42857142857142855,0.78104264
59.0,0.5,0.8122243
59.0,0.5714285714285714,0.7812541
59.0,0.6428571428571428,0.6891081
59.0,0.7142857142857142,0.565733
59.0,0.7857142857142857,0.42748028
59.0,0.8571428571428571,0.28117353
59.0,0.9285714285714285,0.13341671
59.0,1.0,-0.009551287
60.0,0.0,-0.008300722
60.0,0.07142857142857142,0.1324361
60.0,0.14285714285714285,0.28256017
60.0,0.21428571428571427,0.4287066
60.0,0.2857142857142857,0.56468326
60.0,0.3571428571428571,0.68843204
60.0,0.42857142857142855,0.7799998
60.0,0.5,0.8108669
60.0,0.5714285714285714,0.7800464
60.0,0.6428571428571428,0.68837696
60.0,0.7142857142857142,0.5653351
60.0,0.7857142857142857,0.42728895
60.0,0.8571428571428571,0.2810393
60.0,0.9285714285714285,0.13323826
60.0,1.0,-0.009790897
